username,first_name,last_name,full_name,email,phone,department,role,start_date,employee_id
amandajohnson,Amanda,Johnson,Amanda Johnson,crystalmills@king-martinez.com,(564)233-0780x878,Operations,Specialist,2025-06-27,541218
dperez,Diane,Perez,Diane Perez,calvin80@bentley-davis.org,001-989-953-6598x44082,IT,Analyst,2024-03-07,737718
malikmiller,Malik,Miller,Malik Miller,hbrown@jones.com,312-799-3816x38110,Marketing,Engineer,2024-10-04,981254
mbarrera,Michael,Barrera,Michael Barrera,dalton12@thomas.net,(227)560-9902x0405,IT,Manager,2024-03-19,991383
mcastillo,Melissa,Castillo,Melissa Castillo,florespamela@wong-bowers.biz,+1-426-482-2202x27050,Sales,Specialist,2025-06-15,874925
kibarra,Kimberly,Ibarra,Kimberly Ibarra,jonathan45@carter.com,001-957-590-9772,Sales,Engineer,2024-04-13,627619
micheal.jones,Micheal,Jones,Micheal Jones,dchapman@diaz-lee.com,889-730-2333x226,Operations,Specialist,2024-02-04,860005
apowell,Anthony,Powell,Anthony Powell,parsonsmason@green-glass.com,238.655.6064,HR,Analyst,2024-02-14,360001
kenneth.grant,Kenneth,Grant,Kenneth Grant,christinaarnold@hanson.net,(703)780-7797x681,Marketing,Analyst,2025-04-15,402993
mhoffman,Michelle,Hoffman,Michelle Hoffman,juliamarquez@padilla-combs.org,(959)797-9939x6999,Marketing,Engineer,2024-04-08,542319
nathan.jarvis,Nathan,Jarvis,Nathan Jarvis,katherine83@harvey-fritz.biz,(632)547-1082,Sales,Specialist,2024-03-17,719782
khoward,Kelly,Howard,Kelly Howard,zolson@mitchell-garcia.net,+1-524-550-6941x16005,Marketing,Manager,2025-02-13,365044
sean.perry,Sean,Perry,Sean Perry,kellyvanessa@chase-adams.com,+1-441-496-8433,Operations,Analyst,2024-01-03,275675
blakereeves,Blake,Reeves,Blake Reeves,ronnie41@christensen-herrera.net,428-817-8309x09781,IT,Specialist,2024-07-01,36828
emilycarroll,Emily,Carroll,Emily Carroll,derekgomez@stevenson-acosta.com,001-663-902-7892x952,Sales,Coordinator,2025-02-17,400646
christina.rocha,Christina,Rocha,Christina Rocha,jennifer39@moore.com,476.264.2975,Finance,Coordinator,2024-02-20,541023
ronaldrose,Ronald,Rose,Ronald Rose,gloria24@mcgee-sanchez.com,440-273-3849,Sales,Developer,2024-07-02,891113
agibson,Alicia,Gibson,Alicia Gibson,milleredward@patrick.com,4119850402,HR,Analyst,2024-02-04,813955
christopheryoder,Christopher,Yoder,Christopher Yoder,qsanders@cannon-peterson.com,610.900.4085x35877,HR,Director,2024-02-23,670140
khebert,Kathleen,Hebert,Kathleen Hebert,katherine38@shields.org,(966)563-5303x32970,IT,Director,2025-10-12,622459
denisegoodwin,Denise,Goodwin,Denise Goodwin,stephenserik@jackson.info,+1-489-680-6918x03206,HR,Engineer,2025-01-11,978763
wbarnes,Wendy,Barnes,Wendy Barnes,bgray@nicholson.com,6338767808,IT,Coordinator,2025-02-24,320257
srichardson,Sherry,Richardson,Sherry Richardson,vray@taylor-walton.com,+1-249-510-2129x02531,Operations,Engineer,2025-05-13,350965
michaelcarpenter,Michael,Carpenter,Michael Carpenter,nmcbride@rivera.net,429-997-8688x151,Finance,Engineer,2024-10-09,733623
rebecca.williams,Rebecca,Williams,Rebecca Williams,dawnphillips@wells-house.com,(353)940-8789x72337,Support,Coordinator,2025-05-28,988409
gbarnes,Gregory,Barnes,Gregory Barnes,elizabeth51@curtis.info,885-851-7077x79856,Sales,Specialist,2024-05-12,497118
anthonymiller,Anthony,Miller,Anthony Miller,charlesfrye@robles.com,+1-490-446-7963x2397,Operations,Developer,2023-11-25,373835
jeffreyhaynes,Jeffrey,Haynes,Jeffrey Haynes,heatherjohnson@marquez-ramos.net,(423)938-7972x209,IT,Specialist,2025-06-27,937953
marysantos,Mary,Santos,Mary Santos,annecain@villa-burton.net,541-370-6639x199,IT,Engineer,2025-08-28,982588
jason.hill,Jason,Hill,Jason Hill,shill@flores.net,237-674-4116x19129,IT,Engineer,2025-03-08,962165
nathancastillo,Nathan,Castillo,Nathan Castillo,williamsmichelle@knight-powers.biz,8335371139,Engineering,Coordinator,2024-07-01,96696
kristin.martinez,Kristin,Martinez,Kristin Martinez,dwilliams@kennedy.com,(894)522-2096x54265,Marketing,Developer,2024-07-16,598340
rodneypayne,Rodney,Payne,Rodney Payne,lanesteven@meza-jimenez.com,371-837-1866x45430,Sales,Analyst,2025-06-14,148657
fernandogoodman,Fernando,Goodman,Fernando Goodman,meghan95@campbell.com,763.880.2226,Marketing,Coordinator,2023-10-27,283640
jchoi,Jeanette,Choi,Jeanette Choi,alexanderhenry@figueroa-martin.com,+1-398-334-8203x24945,Support,Analyst,2025-03-23,99795
mbarker,Maria,Barker,Maria Barker,johnsoncody@joseph.net,(378)923-3914,Marketing,Developer,2025-02-12,385759
tina.park,Tina,Park,Tina Park,mtravis@olsen.com,8286849163,Operations,Manager,2025-04-05,551294
stephaniepierce,Stephanie,Pierce,Stephanie Pierce,fnewman@clark.org,+1-552-222-7297x79296,Sales,Manager,2024-12-14,977830
lwilliams,Laura,Williams,Laura Williams,davisjeffery@morgan.org,862-700-7235x6595,Marketing,Director,2025-05-11,262316
markdixon,Mark,Dixon,Mark Dixon,ahamilton@waters.com,001-440-831-0022x688,Finance,Manager,2023-11-30,465402
sbarnes,Sonia,Barnes,Sonia Barnes,juliesnyder@lawrence.biz,(675)430-0718,Marketing,Engineer,2025-04-13,677003
leah.rodriguez,Leah,Rodriguez,Leah Rodriguez,laurendavidson@clark.com,001-246-233-8099x5658,Sales,Engineer,2025-08-08,30050
amanda.brown,Amanda,Brown,Amanda Brown,james32@davis-hammond.com,855-667-0011x997,IT,Analyst,2024-12-23,395042
dsmith,Diane,Smith,Diane Smith,maria43@dixon-watkins.com,6322242586,IT,Analyst,2024-12-27,369491
rhayes,Robert,Hayes,Robert Hayes,lisapeters@ellis-ramirez.org,910.935.9737x714,Support,Engineer,2025-09-25,467539
josephgordon,Joseph,Gordon,Joseph Gordon,nathan54@kelley-rodriguez.com,001-420-650-2761x88355,Engineering,Specialist,2025-04-30,443771
matthew.christensen,Matthew,Christensen,Matthew Christensen,khayes@adams-garcia.net,574-435-8866x15701,HR,Analyst,2023-12-02,28679
tarasalinas,Tara,Salinas,Tara Salinas,jrogers@kirk.com,+1-421-479-5885x335,Engineering,Developer,2024-03-31,399256
kathleen.zamora,Kathleen,Zamora,Kathleen Zamora,watsondeanna@phelps.org,233.693.1143,Finance,Director,2024-04-14,706951
brittanypena,Brittany,Pena,Brittany Pena,iweaver@williamson-martinez.net,(910)543-8633,Operations,Analyst,2024-09-12,96573
